<?xml version="1.0" encoding="UTF-8"?>
<project-private xmlns="http://www.netbeans.org/ns/project-private/1">
    <editor-bookmarks xmlns="http://www.netbeans.org/ns/editor-bookmarks/2" lastBookmarkId="0"/>
    <open-files xmlns="http://www.netbeans.org/ns/projectui-open-files/2">
        <group>
            <file>file:/C:/Users/hp/Downloads/HOTEL_MANAGEMENT_SYSTEM_IN_JAVA_WITH_SOURCE_CODE/Hotel%20Management%20System%20In%20Java/src/I3/UI/testing.java</file>
            <file>file:/C:/Users/hp/Downloads/HOTEL_MANAGEMENT_SYSTEM_IN_JAVA_WITH_SOURCE_CODE/Hotel%20Management%20System%20In%20Java/src/I3/UI/UserProfile.java</file>
            <file>file:/C:/Users/hp/Downloads/HOTEL_MANAGEMENT_SYSTEM_IN_JAVA_WITH_SOURCE_CODE/Hotel%20Management%20System%20In%20Java/src/I3/DatabaseOperation/DataBaseConnection.java</file>
            <file>file:/C:/Users/hp/Downloads/HOTEL_MANAGEMENT_SYSTEM_IN_JAVA_WITH_SOURCE_CODE/Hotel%20Management%20System%20In%20Java/src/I3/Classes/Item.java</file>
            <file>file:/C:/Users/hp/Downloads/HOTEL_MANAGEMENT_SYSTEM_IN_JAVA_WITH_SOURCE_CODE/Hotel%20Management%20System%20In%20Java/src/I3/Classes/ExtraOrders.java</file>
            <file>file:/C:/Users/hp/Downloads/HOTEL_MANAGEMENT_SYSTEM_IN_JAVA_WITH_SOURCE_CODE/Hotel%20Management%20System%20In%20Java/src/I3/UI/ControlPanel.java</file>
            <file>file:/C:/Users/hp/Downloads/HOTEL_MANAGEMENT_SYSTEM_IN_JAVA_WITH_SOURCE_CODE/Hotel%20Management%20System%20In%20Java/src/I3/UI/login.java</file>
            <file>file:/C:/Users/hp/Downloads/HOTEL_MANAGEMENT_SYSTEM_IN_JAVA_WITH_SOURCE_CODE/Hotel%20Management%20System%20In%20Java/src/I3/UI/OrderPanel.java</file>
            <file>file:/C:/Users/hp/Downloads/HOTEL_MANAGEMENT_SYSTEM_IN_JAVA_WITH_SOURCE_CODE/Hotel%20Management%20System%20In%20Java/src/I3/DatabaseOperation/ItemDb.java</file>
            <file>file:/C:/Users/hp/Downloads/HOTEL_MANAGEMENT_SYSTEM_IN_JAVA_WITH_SOURCE_CODE/Hotel%20Management%20System%20In%20Java/src/I3/DatabaseOperation/BookingDb.java</file>
            <file>file:/C:/Users/hp/Downloads/HOTEL_MANAGEMENT_SYSTEM_IN_JAVA_WITH_SOURCE_CODE/Hotel%20Management%20System%20In%20Java/src/I3/Classes/Payment.java</file>
            <file>file:/C:/Users/hp/Downloads/HOTEL_MANAGEMENT_SYSTEM_IN_JAVA_WITH_SOURCE_CODE/Hotel%20Management%20System%20In%20Java/src/I3/DatabaseOperation/DatabaseOperation.java</file>
            <file>file:/C:/Users/hp/Downloads/HOTEL_MANAGEMENT_SYSTEM_IN_JAVA_WITH_SOURCE_CODE/Hotel%20Management%20System%20In%20Java/src/I3/UI/SignUp.java</file>
            <file>file:/C:/Users/hp/Downloads/HOTEL_MANAGEMENT_SYSTEM_IN_JAVA_WITH_SOURCE_CODE/Hotel%20Management%20System%20In%20Java/src/I3/UI/ItemPanel.java</file>
        </group>
    </open-files>
</project-private>
